Reksadana,Jenis,Resiko,Price,1M,YTD,1Y,3Y,AUM/VAL
ABF Indonesia Bond Index Fund,Reksa Dana Obligasi,Sedang,Rp54.169,0.24%,4.11%,6.69%,15.00%,6.57T
Avrist Ada Kas Mutiara,Reksa Dana Pasar Uang,Rendah,Rp1.456,0.42%,4.60%,5.49%,13.48%,222.21B
Avrist Ada Saham Blue Safir Kelas A,Reksa Dana Saham ,Tinggi,Rp1.043,-5.77%,-3.04%,-1.30%,3.04%,109.10B
Avrist IDX30,Reksa Dana Saham ,Tinggi,Rp912,-3.28%,-4.02%,1.07%,0.27%,141.99B
Avrist Prime Bond Fund,Reksa Dana Obligasi,Sedang,Rp1.826,0.14%,2.93%,5.56%,11.10%,83.99B
Bahana Dana Likuid Kelas G,Reksa Dana Pasar Uang,Rendah,Rp1.855,0.43%,4.08%,4.72%,10.97%,3.79T
Bahana Likuid Plus,Reksa Dana Pasar Uang,Rendah,Rp1.421,0.52%,4.55%,5.32%,13.03%,1.72T
Bahana Likuid Syariah Kelas G,Reksa Dana Pasar Uang,Rendah,Rp1.196,0.45%,4.49%,5.19%,12.30%,440.05B
Bahana MES Syariah Fund Kelas G,Reksa Dana Obligasi,Sedang,Rp1.529,0.66%,2.62%,4.20%,9.53%,179.30B
Bahana Pendapatan Tetap Makara Prima kelas G,Reksa Dana Obligasi,Sedang,Rp3.314,0.31%,4.76%,6.35%,11.39%,0.82T
Bahana Primavera 99 Kelas G,Reksa Dana Saham ,Tinggi,Rp1.281,-6.22%,-2.80%,2.95%,7.27%,20.55B
Batavia Dana Kas Maxima,Reksa Dana Pasar Uang,Rendah,Rp1.781,0.38%,3.84%,4.47%,10.72%,12.02T
Batavia Dana Likuid,Reksa Dana Pasar Uang,Rendah,Rp1.339,0.34%,3.08%,3.57%,7.49%,378.98B
Batavia Dana Obligasi Ultima,Reksa Dana Obligasi,Sedang,Rp2.901,0.08%,2.94%,4.99%,8.57%,1.09T
Batavia Dana Saham,Reksa Dana Saham ,Tinggi,Rp62.344,-5.09%,-2.69%,1.37%,5.19%,2.03T
Batavia Dana Saham Syariah,Reksa Dana Saham ,Tinggi,Rp1.637,-3.46%,-3.55%,-1.06%,-4.52%,315.63B
Batavia Index PEFINDO I-Grade,Reksa Dana Saham ,Tinggi,Rp984,-8.93%,-7.64%,-1.59%,N/A,179.98B
Batavia Obligasi Platinum Plus,Reksa Dana Obligasi,Sedang,Rp1.138,0.13%,2.83%,5.84%,12.48%,121.30B
Batavia Technology Sharia Equity USD,Reksa Dana Global,Sedang,Rp1,5.33%,23.48%,31.98%,N/A,76.09M
BNI-AM Dana Lancar Syariah,Reksa Dana Pasar Uang,Rendah,Rp1.765,0.39%,3.67%,4.36%,11.20%,110.70B
BNI-AM Dana Likuid Kelas A,Reksa Dana Pasar Uang,Rendah,Rp1.886,0.38%,3.68%,4.18%,10.87%,322.92B
BNI-AM Dana Pendapatan Tetap Makara Investasi,Reksa Dana Obligasi,Sedang,Rp1.244,0.23%,3.84%,5.25%,13.26%,160.97B
BNI-AM Dana Pendapatan Tetap Syariah Ardhani,Reksa Dana Obligasi,Sedang,Rp1.596,0.59%,2.97%,3.98%,10.77%,330.24B
BNI-AM Dana Saham Inspiring Equity Fund,Reksa Dana Saham ,Tinggi,Rp955,-5.87%,-4.40%,-0.22%,-3.50%,1.26T
BNI-AM IDX PEFINDO Prime Bank Kelas R1,Reksa Dana Saham ,Tinggi,Rp907,-7.21%,-9.34%,-9.34%,N/A,26.12B
BNI-AM Indeks IDX30,Reksa Dana Saham ,Tinggi,Rp787,-6.08%,-6.19%,-0.05%,-2.94%,1.37T
BNI-AM ITB Harmoni,Reksa Dana Obligasi,Sedang,Rp1.456,0.22%,4.06%,6.37%,12.16%,95.06B
BNI-AM PEFINDO I-Grade Kelas R1,Reksa Dana Saham ,Tinggi,Rp899,-9.26%,-10.09%,-10.09%,N/A,1.04B
BNI-AM Short Duration Bonds Index Kelas R1,Reksa Dana Obligasi,Sedang,Rp1.066,0.09%,3.98%,6.04%,N/A,6.94B
BNI-AM SRI KEHATI Kelas R1,Reksa Dana Saham ,Tinggi,Rp927,-5.76%,-5.98%,-1.94%,N/A,92.99B
BNP Paribas Cakra Syariah USD Kelas RK1,Reksa Dana Global,Sedang,Rp45,1.06%,15.66%,22.72%,11.58%,73.82M
BNP Paribas Ekuitas,Reksa Dana Saham ,Tinggi,Rp18.806,-5.56%,-3.29%,0.65%,6.49%,0.76T
BNP Paribas Greater China Equity Syariah USD,Reksa Dana Global,Sedang,Rp1,-4.00%,14.83%,9.44%,-35.07%,113.45M
BNP Paribas Infrastruktur Plus,Reksa Dana Saham ,Tinggi,Rp2.902,-5.77%,-2.42%,1.62%,1.31%,0.52T
BNP Paribas Pesona,Reksa Dana Saham ,Tinggi,Rp26.196,-5.31%,-2.63%,1.41%,1.56%,396.12B
BNP Paribas Pesona Syariah,Reksa Dana Saham ,Tinggi,Rp2.504,-4.39%,3.04%,6.20%,3.42%,341.24B
BNP Paribas Prima II Kelas RK1,Reksa Dana Obligasi,Sedang,Rp3.090,0.22%,3.04%,5.06%,9.86%,0.76T
BNP Paribas Prima USD Kelas RK1,Reksa Dana Obligasi,Sedang,Rp1,-1.13%,2.03%,6.66%,-3.35%,86.36M
BNP Paribas Rupiah Plus,Reksa Dana Pasar Uang,Rendah,Rp2.453,0.34%,3.04%,3.56%,7.45%,1.04T
BNP Paribas Solaris,Reksa Dana Saham ,Tinggi,Rp1.794,-5.71%,-3.04%,1.57%,-16.82%,173.17B
BNP Paribas SRI KEHATI,Reksa Dana Saham ,Tinggi,Rp1.090,-3.37%,-5.97%,-2.57%,13.63%,3.36T
BNP Paribas Sukuk Negara Kelas RK1,Reksa Dana Obligasi,Sedang,Rp1.028,0.46%,2.81%,2.81%,N/A,0.95B
BRI Indeks Syariah,Reksa Dana Saham ,Tinggi,Rp2.285,-2.24%,-3.44%,1.23%,-3.27%,32.75B
BRI Mawar Konsumer 10 Kelas A,Reksa Dana Saham ,Tinggi,Rp1.577,-4.13%,-1.59%,1.93%,-0.45%,234.88B
BRI Melati Pendapatan Utama,Reksa Dana Obligasi,Sedang,Rp1.878,-0.06%,2.75%,4.88%,8.40%,53.29B
BRI MSCI Indonesia ESG Screened Kelas A,Reksa Dana Saham ,Tinggi,Rp997,-6.55%,-8.55%,-3.17%,N/A,66.25B
BRI Seruni Pasar Uang II Kelas A,Reksa Dana Pasar Uang,Rendah,Rp1.773,0.39%,4.15%,4.78%,10.70%,2.73T
BRI Seruni Pasar Uang III,Reksa Dana Pasar Uang,Rendah,Rp1.744,0.46%,4.62%,5.25%,12.25%,1.65T
BRI Seruni Pasar Uang Syariah,Reksa Dana Pasar Uang,Rendah,Rp1.322,0.49%,4.71%,5.77%,12.71%,145.52B
Danamas Pasti,Reksa Dana Obligasi,Sedang,Rp4.807,0.45%,4.59%,5.42%,16.53%,238.21B
Danamas Rupiah Plus,Reksa Dana Pasar Uang,Rendah,Rp1.753,0.40%,4.08%,4.75%,13.06%,2.04T
Danamas Stabil,Reksa Dana Obligasi,Sedang,Rp4.766,0.47%,4.78%,5.64%,17.55%,17.53T
Eastspring IDR Fixed Income Fund Kelas A,Reksa Dana Obligasi,Sedang,Rp1.738,0.10%,2.69%,5.05%,10.45%,5.94T
Eastspring IDX ESG Leaders Plus Kelas A,Reksa Dana Saham ,Tinggi,Rp942,-5.36%,-7.91%,3.19%,N/A,101.04B
Eastspring Investments Cash Reserve Kelas A,Reksa Dana Pasar Uang,Rendah,Rp1.669,0.30%,3.23%,3.98%,8.33%,33.55B
Eastspring Investments Value Discovery Kelas A,Reksa Dana Saham ,Tinggi,Rp1.323,-3.66%,-0.49%,3.39%,-0.55%,398.49B
Eastspring Investments Yield Discovery Kelas A,Reksa Dana Obligasi,Sedang,Rp1.603,-0.10%,2.70%,4.42%,5.81%,94.26B
Eastspring Syariah Fixed Income Amanah Kelas A,Reksa Dana Obligasi,Sedang,Rp1.482,0.65%,3.70%,4.58%,9.34%,0.70T
Eastspring Syariah Greater China Equity USD Kelas A,Reksa Dana Global,Sedang,Rp1,-6.17%,6.88%,7.52%,-40.28%,5.72M
Eastspring Syariah Money Market Khazanah Kelas A,Reksa Dana Pasar Uang,Rendah,Rp1.163,0.27%,2.75%,3.32%,6.82%,194.29B
Grow Dana Optima Kas Utama,Reksa Dana Pasar Uang,Rendah,Rp1.003,0.32%,0.32%,0.32%,N/A,31.78B
Grow Obligasi Optima Dinamis Kelas O,Reksa Dana Obligasi,Sedang,Rp997,0.30%,-0.33%,-0.33%,N/A,42.32B
Grow Saham Indonesia Plus Kelas O,Reksa Dana Saham ,Tinggi,Rp1.053,-3.43%,5.33%,5.33%,N/A,50.33B
Grow SRI KEHATI Kelas O,Reksa Dana Saham ,Tinggi,Rp1.068,-5.37%,6.85%,6.85%,N/A,121.02B
Jarvis Balanced Fund,Reksa Dana Campuran,Sedang,Rp1.771,-0.83%,-1.29%,2.24%,-9.09%,166.37B
Jarvis Money Market Fund,Reksa Dana Pasar Uang,Rendah,Rp1.237,0.32%,2.74%,3.32%,9.18%,65.20B
Majoris Pasar Uang Indonesia,Reksa Dana Pasar Uang,Rendah,Rp1.495,0.42%,4.12%,4.82%,13.57%,61.22B
Majoris Pasar Uang Syariah Indonesia,Reksa Dana Pasar Uang,Rendah,Rp1.365,0.43%,4.33%,5.06%,14.03%,1.07T
Majoris Saham Alokasi Dinamik Indonesia,Reksa Dana Saham ,Tinggi,Rp983,-5.14%,-0.44%,3.64%,2.26%,37.13B
Majoris Sukuk Negara Indonesia,Reksa Dana Obligasi,Sedang,Rp1.415,0.70%,4.10%,4.57%,9.90%,273.31B
Mandiri Indeks FTSE Indonesia ESG Kelas A,Reksa Dana Saham ,Tinggi,Rp996,-5.48%,-5.64%,0.45%,N/A,89.47B
Mandiri Investa Atraktif-Syariah,Reksa Dana Saham ,Tinggi,Rp909,-4.93%,-3.18%,-2.28%,-4.41%,47.33B
Mandiri Investa Dana Syariah Kelas A,Reksa Dana Obligasi,Sedang,Rp4.367,0.49%,3.67%,4.48%,9.99%,124.73B
Mandiri Investa Dana Utama Kelas D,Reksa Dana Obligasi,Sedang,Rp2.445,0.29%,1.76%,2.72%,-0.65%,1.07B
Mandiri Investa Pasar Uang Kelas A,Reksa Dana Pasar Uang,Rendah,Rp1.725,0.39%,3.69%,4.32%,9.44%,8.24T
Mandiri Investa Syariah Berimbang,Reksa Dana Campuran,Sedang,Rp3.798,0.60%,4.13%,5.00%,8.35%,37.54B
Mandiri Pasar Uang Syariah Ekstra,Reksa Dana Pasar Uang,Rendah,Rp1.216,0.33%,3.59%,4.23%,9.48%,42.67B
Manulife Dana Kas II Kelas A,Reksa Dana Pasar Uang,Rendah,Rp1.784,0.47%,4.04%,4.73%,10.88%,2.64T
Manulife Dana Kas Syariah,Reksa Dana Pasar Uang,Rendah,Rp1.270,0.39%,3.74%,4.38%,9.67%,237.37B
Manulife Dana Saham Kelas A,Reksa Dana Saham ,Tinggi,Rp9.372,-5.23%,-6.08%,-3.06%,-19.99%,2.06T
Manulife Obligasi Negara Indonesia II Kelas A,Reksa Dana Obligasi,Sedang,Rp2.958,0.25%,2.11%,4.89%,10.15%,2.60T
Manulife Obligasi Unggulan Kelas A,Reksa Dana Obligasi,Sedang,Rp2.737,-0.67%,3.04%,4.65%,11.16%,2.52T
Manulife Saham Andalan,Reksa Dana Saham ,Tinggi,Rp1.857,-2.78%,-3.18%,0.32%,-25.45%,1.14T
Manulife Syariah Sektoral Amanah Kelas A,Reksa Dana Saham ,Tinggi,Rp3.316,-4.87%,-1.83%,0.09%,-7.80%,172.66B
Manulife USD Fixed Income Kelas A,Reksa Dana Obligasi,Sedang,Rp1,-0.81%,1.83%,4.50%,-3.21%,25.36M
Principal Cash Fund,Reksa Dana Pasar Uang,Rendah,Rp1.845,0.33%,3.87%,4.49%,10.75%,90.52B
Principal Index IDX30 Kelas O,Reksa Dana Saham ,Tinggi,Rp1.280,-6.00%,-6.03%,0.15%,-3.91%,64.77B
Principal Islamic Equity Growth Syariah,Reksa Dana Saham ,Tinggi,Rp1.179,-2.09%,-0.10%,1.80%,-2.61%,76.90B
Schroder 90 Plus Equity Fund,Reksa Dana Saham ,Tinggi,Rp2.050,-3.46%,-1.44%,2.09%,6.12%,0.58T
Schroder Dana Andalan II,Reksa Dana Obligasi,Sedang,Rp1.086,0.23%,1.33%,1.58%,-1.06%,471.81B
Schroder Dana Istimewa,Reksa Dana Saham ,Tinggi,Rp6.396,-5.71%,-4.45%,-2.02%,-8.76%,348.91B
Schroder Dana Likuid,Reksa Dana Pasar Uang,Rendah,Rp1.605,0.32%,3.51%,4.18%,8.56%,1.09T
Schroder Dana Likuid Syariah,Reksa Dana Pasar Uang,Rendah,Rp1.149,0.40%,3.59%,4.24%,8.83%,13.94B
Schroder Dana Mantap Plus II,Reksa Dana Obligasi,Sedang,Rp2.855,-0.67%,2.58%,4.53%,10.16%,1.81T
Schroder Dana Prestasi,Reksa Dana Saham ,Tinggi,Rp41.946,-5.56%,-2.48%,1.46%,8.86%,1.52T
Schroder Dana Prestasi Plus,Reksa Dana Saham ,Tinggi,Rp34.038,-4.70%,-2.22%,1.73%,11.09%,4.76T
Schroder Dynamic Balanced Fund,Reksa Dana Campuran,Sedang,Rp1.752,-4.36%,-0.21%,3.33%,12.11%,119.25B
Schroder Global Sharia Equity Fund USD,Reksa Dana Global,Sedang,Rp2,0.91%,15.79%,24.17%,9.03%,52.99M
Schroder Syariah Balanced Fund,Reksa Dana Campuran,Sedang,Rp2.631,-0.41%,0.92%,2.67%,6.64%,82.98B
Schroder USD Bond Fund,Reksa Dana Obligasi,Sedang,Rp2,-0.99%,1.70%,5.19%,-2.05%,57.70M
Simas Saham Unggulan,Reksa Dana Saham ,Tinggi,Rp1.313,-2.62%,-0.02%,3.12%,-7.54%,0.63T
Simas Satu,Reksa Dana Campuran,Sedang,Rp7.573,0.56%,-0.85%,1.13%,-0.97%,51.45B
Simas Syariah Unggulan,Reksa Dana Saham ,Tinggi,Rp633,0.14%,-0.05%,4.30%,2.84%,34.50B
Sucorinvest Bond Fund,Reksa Dana Obligasi,Sedang,Rp1.511,-0.35%,-1.70%,-0.51%,-3.22%,212.20B
Sucorinvest Citra Dana Berimbang,Reksa Dana Campuran,Sedang,Rp2.408,-1.44%,5.27%,7.04%,24.10%,156.28B
Sucorinvest Equity Fund,Reksa Dana Saham ,Tinggi,Rp2.548,-3.16%,-2.34%,0.62%,3.55%,3.28T
Sucorinvest Flexi Fund,Reksa Dana Campuran,Sedang,Rp6.052,2.11%,-1.44%,-3.92%,8.36%,162.62B
Sucorinvest IDX30,Reksa Dana Saham ,Tinggi,Rp1.008,-5.86%,-5.07%,0.16%,N/A,17.30B
Sucorinvest Maxi Fund,Reksa Dana Saham ,Tinggi,Rp1.856,-0.11%,11.65%,8.52%,10.48%,135.99B
Sucorinvest Money Market Fund,Reksa Dana Pasar Uang,Rendah,Rp1.817,0.51%,4.08%,4.95%,13.31%,3.95T
Sucorinvest Premium Fund,Reksa Dana Campuran,Sedang,Rp1.588,0.21%,4.87%,6.01%,31.97%,2.63T
Sucorinvest Sharia Balanced Fund,Reksa Dana Campuran,Sedang,Rp1.114,0.46%,5.30%,6.65%,-3.57%,1.18T
Sucorinvest Sharia Equity Fund,Reksa Dana Saham ,Tinggi,Rp1.597,-1.15%,-5.02%,-8.35%,-21.90%,430.10B
Sucorinvest Sharia Money Market Fund,Reksa Dana Pasar Uang,Rendah,Rp1.374,0.50%,4.23%,4.91%,13.08%,2.46T
Sucorinvest Sharia Sukuk Fund,Reksa Dana Obligasi,Sedang,Rp1.179,0.56%,4.85%,5.87%,17.67%,1.79T
Sucorinvest Stable Fund,Reksa Dana Obligasi,Sedang,Rp1.332,0.38%,3.55%,4.36%,14.85%,2.65T
TRAM Consumption Plus Kelas A,Reksa Dana Saham ,Tinggi,Rp1.886,-3.66%,0.95%,6.06%,6.57%,178.55B
TRAM Infrastructure Plus,Reksa Dana Saham ,Tinggi,Rp1.485,-3.29%,4.43%,8.60%,19.50%,19.30B
TRAM Strategic Plus Kelas A,Reksa Dana Obligasi,Sedang,Rp2.016,-0.13%,2.56%,4.77%,10.19%,84.33B
TRIM Dana Tetap 2 Kelas A,Reksa Dana Obligasi,Sedang,Rp3.202,0.51%,5.63%,6.25%,15.33%,0.92T
TRIM Kapital,Reksa Dana Saham ,Tinggi,Rp11.076,-3.10%,-8.00%,-4.55%,6.40%,340.78B
TRIM Kapital Plus,Reksa Dana Saham ,Tinggi,Rp4.453,-1.71%,0.98%,6.08%,18.19%,310.74B
TRIM Kas 2 Kelas A,Reksa Dana Pasar Uang,Rendah,Rp1.882,0.45%,4.36%,5.07%,13.39%,3.28T
TRIM Syariah Saham,Reksa Dana Saham ,Tinggi,Rp1.868,-0.50%,2.30%,4.75%,1.88%,115.61B
Trimegah Dana Tetap Syariah,Reksa Dana Obligasi,Sedang,Rp1.381,1.12%,7.37%,8.39%,19.25%,0.84T
Trimegah FTSE Indonesia Low Volatility Factor Index,Reksa Dana Saham ,Tinggi,Rp1.195,-5.90%,-7.35%,-2.23%,13.81%,135.36B
Trimegah Kas Syariah,Reksa Dana Pasar Uang,Rendah,Rp1.415,0.45%,4.49%,5.26%,13.49%,1.55T
Harta Aman Pratama,Saham,Tiggi,Rp101,"-6,80","3,23","-4,95","74,28","10,1M"
Asia Pacific Investama Tbk PT,Saham,Tiggi,Rp42,"-11,11","-33,33","-40,30","-56,04","1,7K"
Argha Karya Prima Ind,Saham,Tiggi,Rp610,"-28,40","-18,24","-13,57","-22,44","16,6K"
Austindo Nusantara Jaya,Saham,Tiggi,Rp740,"2,80","-1,34","2,08","-25,00","264,5K"
Bank Bumi Arta,Saham,Tiggi,Rp700,"-11,49","-12,08","-9,66","-78,38","319,6K"
Bank Maspion Indonesia,Saham,Tiggi,Rp635,"-23,64","8,62","-4,55","-33,78",137K
Bank Ocbc Nisp,Saham,Tiggi,Rp1.355,"-0,73","14,83","20,98","94,96","2,97M"
Bank Of India Indonesia,Saham,Tiggi,Rp3.000,"0,00","140,96","71,43","71,43",0
Bank Qnb Indonesia,Saham,Tiggi,Rp72,"-4,11","-13,58","-13,58","-63,73","958,8K"
Bayu Buana,Saham,Tiggi,Rp1.390,"-3,14","-6,40","-6,71","18,80","263,7K"
Buana Finance,Saham,Tiggi,Rp725,"-3,65","0,00","-15,92","62,56","33,2K"
Delta Djakarta,Saham,Tiggi,Rp2.140,"-14,46","-39,66","-39,66","-45,10","23,7K"
Destinasi Tirta,Saham,Tiggi,Rp270,"3,05","22,73","-6,25","-24,16","150,8K"
Elang Mahkota,Saham,Tiggi,Rp492,"-3,37","-17,29","-15,86","-75,84","28,64M"
Enseval Putra,Saham,Tiggi,Rp2.420,"-2,43","-6,95","-7,66","-5,49","32,7K"
Equity Dev Inv,Saham,Tiggi,Rp55,"-13,11","-13,11","-17,19","-69,65","198,8K"
Eratex Djaja,Saham,Tiggi,Rp103,"0,00","-57,20","-75,72","-46,84","1,7M"
Ever Shine Textile,Saham,Tiggi,Rp47,"-11,54","-8,00","-8,00","-71,07","84,2K"
Fast Food Indonesia,Saham,Tiggi,Rp326,"-28,32","-56,22","-57,09","-67,60","6,4K"
Fks Multi Agro,Saham,Tiggi,Rp10.950,"1,39","98,19","100,92","26,59","12,6K"
Golden Energy Mines,Saham,Tiggi,Rp10.400,"-11,69","75,86","77,39","144,60","99,5K"
Indo Kordsa,Saham,Tiggi,Rp6.600,"10,17","8,33","11,11","-18,50","39,9K"
Indo Straits,Saham,Tiggi,Rp242,"-9,38","-30,54","-45,02","-39,58",103K
Indorama Synthetics,Saham,Tiggi,Rp2.660,"-17,87","-14,10","-15,48","-44,26","12,7K"
Jakarta Kyoei,Saham,Tiggi,Rp60,"0,00","0,00","0,00","0,00",0
Kabelindo Murni,Saham,Tiggi,Rp310,"-1,27","18,32","13,97","33,62","13,7K"
Kedaung Indah Can,Saham,Tiggi,Rp122,"-22,37","-12,59","-12,59","-67,04","324,5K"
Kokoh Inti Arebama,Saham,Tiggi,Rp69,"-6,76","-14,81","-9,21","-58,93","127,1K"
Limas Indonesia Makmur,Saham,Tiggi,Rp50,"0,00","0,00","0,00","-46,81",0
Lionmesh Prima,Saham,Tiggi,Rp420,"11,11","-4,55","-6,67","-40,85",0
Lotte Chemical Titan PT,Saham,Tiggi,Rp198,"-6,67","-0,51","0,00","-15,52","737,2K"
Mandala Multifinance,Saham,Tiggi,Rp3.350,"39,28","14,73","17,96","214,55",0
Maskapai Reasuransi,Saham,Tiggi,Rp1.005,"-1,00","-52,40","-43,91","-74,81",1K
Metro Realty,Saham,Tiggi,Rp635,"188,64","148,05","40,49","104,84","269,2K"
Metropolitan Kentjana,Saham,Tiggi,Rp26.000,"-4,78","-6,53","-12,78","2,01",18K
Multifiling Mitra,Saham,Tiggi,Rp1.250,"30,89","103,25","76,06","23,76",300
Onix Capital,Saham,Tiggi,Rp159,"0,00","0,00","0,00","0,00",0
Pembangunan Graha,Saham,Tiggi,Rp199,"1,61","26,85","12,50","-13,30","49,9K"
PT Temas Tbk,Saham,Tiggi,Rp144,"-5,41","-10,26","-8,50","83,01","5,47M"
Panasia Indo Resources,Saham,Tiggi,Rp120,"0,00","0,00","0,00","0,00",0
Pelayaran Nelly,Saham,Tiggi,Rp466,"0,87","-4,94","-7,60","68,61","1,47M"
Pikko Land Development,Saham,Tiggi,Rp35,"0,00","-30,00","-32,69","-65,00","137,7K"
Pioneerindo Gourmet,Saham,Tiggi,Rp920,"-10,00","-65,25","-80,31","-81,33","9,4K"
Plaza Indonesia Realty,Saham,Tiggi,Rp2.600,"-1,89","-3,70","-9,72","6,12",200
Pool Advista Indonesia,Saham,Tiggi,Rp13,"-7,14","-74,00","-74,00","-74,00",200
Prasidha Aneka Niaga,Saham,Tiggi,Rp81,"-5,95","-12,22","-44,76","-54,34","117,1K"
Provident Agro,Saham,Tiggi,Rp400,"-5,71","-34,37","-6,78","-17,15","55,9K"
Pudjiadi & Sons,Saham,Tiggi,Rp1.360,"199,56","216,28","246,94","109,23","604,5K"
Reliance Securities,Saham,Tiggi,Rp458,"-1,33","-26,00","-9,76","-3,48",900
Ricky Putra Globalindo,Saham,Tiggi,Rp75,"-10,71","-32,43","-31,19","-20,21","144,3K"
Rig Tenders,Saham,Tiggi,Rp600,"-0,84","22,92","11,32","72,51","152,3K"
Samudera Indonesia,Saham,Tiggi,Rp292,"-17,16","-12,50","-6,67","48,94","12,25M"
Sekar Bumi,Saham,Tiggi,Rp398,"-9,59","26,11","35,62","-12,00",53K
Sepatu Bata,Saham,Tiggi,Rp50,"-12,28","-64,54","-63,77","-90,10","51,7K"
Smr Utama,Saham,Tiggi,Rp50,"0,00","0,00","0,00","0,00",0
Sona Topas Tourism,Saham,Tiggi,Rp10.300,"207,93","890,20","738,17","83,64",0
Supreme Cable,Saham,Tiggi,Rp2.230,"0,00","8,29","6,67","-78,60",20K
Sunson Textile,Saham,Tiggi,Rp190,"11,76","-61,85","-64,49","-77,78",100
Surya Toto Indonesia,Saham,Tiggi,Rp238,"6,31","3,51","-1,67","11,32","1,36M"
Suryamas Dutamakmur,Saham,Tiggi,Rp520,"5,26","168,04","176,60","169,43","207,7K"
Tifico Fiber Indonesia,Saham,Tiggi,Rp635,"0,00","-5,22","-5,22","-7,97",0
Tigaraksa Satria,Saham,Tiggi,Rp6.500,"-3,70","0,78","-2,62","-7,14",2K
Trans Power Marine,Saham,Tiggi,Rp670,"-9,72","-7,80","-0,76","61,69","4,72M"
Trias Sentosa,Saham,Tiggi,Rp498,"0,00","-17,00","-2,35","-16,30","10,5K"
Trikomsel Oke,Saham,Tiggi,Rp426,"0,00","0,00","0,00","0,00",0
Abm Investama,Saham,Tiggi,Rp3.700,"-12,96","4,71","4,71","151,59","536,4K"
Aspirasi Hidup Indonesia Tbk PT,Saham,Tiggi,Rp830,"-10,75","15,28","1,22","-38,75","28,6M"
Acset Indonusa,Saham,Tiggi,Rp112,"-4,59","-23,53","-38,82","-59,69","8,38M"
Adaro Energy,Saham,Tiggi,Rp3.750,"-1,34","55,04","41,38","124,32","80,25M"
Adhi Karya Persero,Saham,Tiggi,Rp274,"-11,41","-15,38","-34,65","-74,14","31,72M"
Adi Sarana Armada,Saham,Tiggi,Rp730,"-8,23","-8,23","-16,18","-79,86","2,75M"
Adira Dinamika,Saham,Tiggi,Rp10.525,"-6,08","-4,79","-1,88","32,38","129,2K"
Agung Podomoro,Saham,Tiggi,Rp112,"-20,59","-16,28","-15,62","-21,17","6,81M"
Akasha Wira,Saham,Tiggi,Rp9.950,"-13,59","0,26","8,08","239,16","128,8K"
Artha Mahiya Investama Tbk PT,Saham,Tiggi,Rp426,"-33,44","-51,63","30,00","-18,43","3,03M"
Akr Corporindo,Saham,Tiggi,Rp1.340,"-7,96","-9,83","-8,59","59,09","4,28M"
Alam Sutera Realty,Saham,Tiggi,Rp166,"-31,93","-1,22","-2,99","-11,96","46,18M"
Alkindo Naratama,Saham,Tiggi,Rp575,"11,90","-40,32","-24,49","-29,44","36,2K"
Alumindo,Saham,Tiggi,Rp76,"-8,64","-61,46","-62,81","-69,42",0
Ancora Indonesia,Saham,Tiggi,Rp118,"-7,20","24,73","12,62","41,46","1,1M"
Aneka Tambang Persero,Saham,Tiggi,Rp1.510,"-13,02","-13,78","-9,26","-38,49","63,72M"
Apexindo Pratama Duta,Saham,Tiggi,Rp138,"-15,00","-18,07","-35,24","-75,27","1,08M"
Arita Prima Indonesia,Saham,Tiggi,Rp177,"-0,56","-5,35","-8,76","-4,84",500
Arthavest,Saham,Tiggi,Rp2.350,"-8,98","-22,33","16,50","21,99","40,3K"
Arwana Citramulia,Saham,Tiggi,Rp755,"-3,25","12,03","4,93","-12,35","2,17M"
Asuransi Dayin Mitra,Saham,Tiggi,Rp498,"-2,00","4,26","-2,97","-48,42","6,5K"
Multi Artha Guna,Saham,Tiggi,Rp342,"-2,86","17,24","9,68","0,00","26,6K"
Asuransi Ramayana,Saham,Tiggi,Rp370,"-4,76","-7,99","-12,46","-78,05","10,8K"
Asahimas Flat Glass,Saham,Tiggi,Rp4.620,"-1,92","-22,03","-21,37","-2,34","10,5K"
Asia Pacific Fibers,Saham,Tiggi,Rp18,"-14,29","-64,00","-64,00","-70,00","25,9K"
Asiaplast Industries,Saham,Tiggi,Rp550,"-8,47","-10,00","2,86","170,00",2K
Astra Agro Lestari,Saham,Tiggi,Rp6.275,"-7,81","-11,74","-11,74","-40,53","955,4K"
Astra Graphia,Saham,Tiggi,Rp880,"1,16","-2,23","-5,41","10,76","1,15M"
Astra International,Saham,Tiggi,Rp5.025,"-1,96","-11,50","-13,42","-19,68","18,63M"
Astra Otoparts,Saham,Tiggi,Rp2.350,"-2,93","-1,69","-15,02","76,43","1,01M"
Asuransi Kresna Mitra,Saham,Tiggi,Rp12,"-15,38","-78,00","-78,00","-96,31","2,05M"
Atlas Resources,Saham,Tiggi,Rp242,"-6,98","10,09","-0,83","-17,24","42,3K"
Bakrie & Brothers,Saham,Tiggi,Rp49,"17,07","-4,00","-4,00","-4,00","2,37M"
Bakrie Sumatera,Saham,Tiggi,Rp130,"36,84","15,04","15,04","19,27","810,3K"
Bakrie Telecom,Saham,Tiggi,Rp50,"0,00","0,00","0,00","0,00",0
Bakrieland,Saham,Tiggi,Rp14,"-13,33","-74,00","-74,00","-74,00","20,55M"
Bank Artha Graha,Saham,Tiggi,Rp206,"78,72","130,14","147,06","15,07","597,18M"
Bank Negar,Saham,Tiggi,Rp4.900,"-13,78","-9,77","-4,43","-30,96","24,69M"
Bank Bukopin,Saham,Tiggi,Rp56,"-12,90","-32,50","-30,77","-84,01","177,73M"
Bank Capital Indonesia,Saham,Tiggi,Rp131,"-5,76","-0,76","0,77","-56,62","643,2K"
Bank Danamon,Saham,Tiggi,Rp2.570,"-3,82","-9,35","-8,36","1,61","1,21M"
Bank Woori Indonesia,Saham,Tiggi,Rp446,"-4,76","-18,68","-19,39","-29,03",251K
Bank Mnc Internasional,Saham,Tiggi,Rp61,"-13,24","-1,67","-3,28","-72,94","11,91M"
Bank Ina Perdana,Saham,Tiggi,Rp4.100,"-1,21","0,00","-1,92","12,05",53K
Bank Maybank Indonesia,Saham,Tiggi,Rp220,"-5,22","-9,92","-11,38","-44,67",169K
Bank Mandiri Persero,Saham,Tiggi,Rp6.350,"-13,54","2,89","5,96","71,72","68,71M"
Bank Mayapada,Saham,Tiggi,Rp204,"-12,93","-20,95","-10,73","-72,89","653,1K"
Bank Mega,Saham,Tiggi,Rp4.810,"-3,61","-5,69","-9,67","-2,88",400
Bank Mestika Dharma,Saham,Tiggi,Rp1.990,"-2,50","-2,50","1,56","-5,34","34,1K"
Bank Nationalnobu,Saham,Tiggi,Rp685,"-7,69","-10,81","-13,73","-25,84","1,44M"
Bank Pembangunan,Saham,Tiggi,Rp955,"-3,08","-17,83","-16,00","-32,07","638,2K"
Bank Pan Indonesia,Saham,Tiggi,Rp1.880,"-6,36","52,07","70,37","134,39","4,34M"
Bank Panin Syariah,Saham,Tiggi,Rp52,"-7,27","-5,56","-8,93","-44,57","12,34M"
Bank Pembangunan Timur,Saham,Tiggi,Rp545,"-5,26","-13,60","-12,90","-28,95","1,36M"
Bank Permata,Saham,Tiggi,Rp1.090,"1,40","18,48","17,84","-37,71","77,5K"
Bank Pembangunan,Saham,Tiggi,Rp36,"9,38","-30,00","-30,00","-48,53","7,02M"
Bank Rakyat Persero,Saham,Tiggi,Rp4.440,"-13,23","-24,37","-16,73","1,17","298,73M"
Bank Sinarmas,Saham,Tiggi,Rp775,"-7,98","-15,73","-15,25","-23,86",6K
Bank Tabungan Negara,Saham,Tiggi,Rp1.295,"-14,77","1,60","0,79","-26,62","10,59M"
Bank Tabungan,Saham,Tiggi,Rp2.300,"-1,71","-11,97","-12,64","-15,13","19,7K"
Bank Victoria,Saham,Tiggi,Rp97,"-1,04","-4,04","5,56","-46,02","9,01M"
Bank Windu,Saham,Tiggi,Rp80,"1,28","1,28","0,00","-39,23","3,37M"
Baramulti Suksessarana,Saham,Tiggi,Rp4.270,"-7,64","9,59","11,61","36,01",306K
Barito Pacific,Saham,Tiggi,Rp860,"-17,24","-36,84","-19,23","-17,30","64,03M"
Bayan Resources,Saham,Tiggi,Rp18.000,"4,80","-9,55","-8,16","592,31","19,3K"
Bekasi Asri Pemula,Saham,Tiggi,Rp58,"-9,68","-16,42","-13,85","-25,33","331,4K"
Bekasi Fajar,Saham,Tiggi,Rp108,"-17,32","-23,36","-24,46","-19,23","4,46M"
Astrindo Nusantara Infrasruktur Tbk PT,Saham,Tiggi,Rp76,"8,70","-28,57","-33,04","41,51","231,46M"
Berlina,Saham,Tiggi,Rp715,"10,00","-27,04","-21,86","-41,87",300
Betonjaya Manunggal,Saham,Tiggi,Rp400,"-2,93","-10,36","-9,13","-2,93","13,7K"
BFI Finance,Saham,Tiggi,Rp950,"-1,05","-21,58","-15,25","-10,85","23,84M"
Bhuwanatala Indah,Saham,Tiggi,Rp31,"6,90","-38,00","-38,00","-42,59",300
Bisi International,Saham,Tiggi,Rp1.140,"-21,05","-29,69","-27,42","11,39","632,2K"
Bank Central Asia,Saham,Tiggi,Rp10.150,"-5,62","7,18","14,81","35,69","58,58M"
Bank Rakyat,Saham,Tiggi,Rp238,"-18,57","-26,45","-8,80","-89,16","12,2M"
Buana Listya Tama,Saham,Tiggi,Rp113,"-22,38","-27,92","6,73","-56,98","26,85M"
Budi Starch & Sweetener,Saham,Tiggi,Rp228,"-5,08","-19,42","-8,20","24,44","66,6K"
Bukit Darmo,Saham,Tiggi,Rp48,"-4,00","-5,88","-20,00","-5,88","67,4K"
Bukit Uluwatu Villa,Saham,Tiggi,Rp66,"8,93","0,00","22,00","1,67","1,07M"
Bumi Citra Permai,Saham,Tiggi,Rp54,"-18,75","-13,33","-16,13","-60,31","2,28M"
Bumi Resources Min,Saham,Tiggi,Rp444,"26,16","155,29","149,43","321,24","615,18M"
Bumi Resources,Saham,Tiggi,Rp151,"6,52","72,94","33,64","113,04","1,12B"
Bumi Serpong Damai,Saham,Tiggi,Rp1.030,"-20,47","-6,48","-2,42","-14,77","7,67M"
Bumi Teknokultura,Saham,Tiggi,Rp4,"0,00","-94,00","-94,00","-94,00","29,59M"
Eagle High,Saham,Tiggi,Rp66,"6,67","18,52","14,29","-28,09","11,46M"
Capitalinc Inv,Saham,Tiggi,Rp6,"0,00","-90,00","-90,00","-90,00","20,36M"
Capitol Nusantara,Saham,Tiggi,Rp50,"6,38","0,00","-3,85","-75,25","20,6K"
Cardig Aero,Saham,Tiggi,Rp1.715,"8,25","89,44","143,57","224,76","33,8K"
Catur Sentosa,Saham,Tiggi,Rp468,"-6,40","-22,64","-27,44","-19,31","2,6K"
Central Proteina,Saham,Tiggi,Rp50,"0,00","-1,96","-5,66","-60,32","2,55M"
Centratama Telekom,Saham,Tiggi,Rp45,"-19,64","-18,18","-30,77","-85,00","100,6K"
AirAsia Indonesia Tbk PT,Saham,Tiggi,Rp89,"1,19","-32,00","-36,57","-53,80","330,4K"
Champion Pacific,Saham,Tiggi,Rp505,"-0,40","13,70","14,22","19,14","270,3K"
Chandra Asri Petro,Saham,Tiggi,Rp6.650,"-27,04","23,33","124,05","260,98","5,54M"
Charoen Pokphand Indonesia,Saham,Tiggi,Rp4.800,"-6,73","-6,27","-12,78","-20,84","2,7M"
Ciputra Dev,Saham,Tiggi,Rp1.110,"-19,93","-7,26","-3,12","-6,47","10,06M"
Citatah,Saham,Tiggi,Rp24,"0,00","100,00","-52,00","-52,00","50,7K"
Citra Marga,Saham,Tiggi,Rp1.415,"-4,08","-15,32","-9,03","2,92","81,8K"
Clipan Finance,Saham,Tiggi,Rp332,"-20,00","-33,06","-32,23","22,39","801,7K"
Colorpak Indonesia,Saham,Tiggi,Rp1.070,"-0,93","7,61","5,47","2,42","44,8K"
Cowell Development,Saham,Tiggi,Rp50,"0,00","0,00","0,00","0,00",0
Darma Henwa,Saham,Tiggi,Rp124,"27,08","103,33","71,83","144,00","519,91M"
Darya-Varia,Saham,Tiggi,Rp1.635,"-4,68","-2,10","-3,26","-33,47","21,5K"
Delta Dunia Makmur,Saham,Tiggi,Rp665,"-13,10","78,98","62,37","112,84","5,02M"
Dharma Samudera,Saham,Tiggi,Rp58,"-12,31","-16,18","-21,92","-49,11","1,26M"
Dharma Satya,Saham,Tiggi,Rp1.235,"7,62","116,22","118,18","105,13","14,05M"
Duta Pertiwi Nusantara,Saham,Tiggi,Rp336,"-0,59","-20,00","-30,29","-20,38","1,8K"
Duta Anggada,Saham,Tiggi,Rp183,"1,71","39,06","34,85","-33,08","220,9K"
Duta Pertiwi,Saham,Tiggi,Rp4.370,"-0,68","-5,41","-2,46","30,45",300
Dyandra Media,Saham,Tiggi,Rp97,"-16,67","11,76","7,95","13,10","4,47M"
Ekadharma,Saham,Tiggi,Rp224,"-2,61","-9,68","-9,68","-24,83","409,3K"
Electronic City Ind,Saham,Tiggi,Rp166,"-36,51","-44,44","-50,31","-82,98","855,5K"
Elnusa,Saham,Tiggi,Rp456,"-6,58","17,01","10,73","54,42","13,64M"
Energi Mega Persada,Saham,Tiggi,Rp264,"8,33","18,18","20,37","126,09","66,3M"
Erajaya Swasembada,Saham,Tiggi,Rp444,"-3,96","2,35","24,57","-32,92","4,09M"
Eterindo Wahanatama,Saham,Tiggi,Rp77,"0,00","-27,84","-31,37","12,90",0
Eureka Prima Jakarta,Saham,Tiggi,Rp117,"0,00","0,00","0,00","0,00",0
Exploitasi Energi,Saham,Tiggi,Rp7,"16,67","-86,00","-86,00","-86,00","793,1K"
Express Transindo,Saham,Tiggi,Rp7,"40,00","-86,00","-86,00","-86,00","28,53M"
Fajar Surya Wisesa,Saham,Tiggi,Rp5.500,"-6,78","-5,17","-5,58","-27,63",100
First Media,Saham,Tiggi,Rp100,"44,93","38,89","33,33","-86,93",19K
Fortune Indonesia,Saham,Tiggi,Rp4.790,"35,82","0,00","0,00","0,00","239,8K"
Fortune Mate,Saham,Tiggi,Rp545,"121,54","70,31","75,81","29,15",0
Aksara Global Development Tbk PT,Saham,Tiggi,Rp18,"0,00","0,00","0,00","-64,00",0
Gajah Tunggal,Saham,Tiggi,Rp1.170,"-4,53","12,08","32,57","63,38","3,99M"
Garda Tujuh Buana,Saham,Tiggi,Rp254,"-13,38","-41,15","-49,80","228,00","173,2K"
Garuda Indonesia,Saham,Tiggi,Rp56,"-12,50","-18,84","-35,63","-74,77","7,27M"
Gema Grahasarana,Saham,Tiggi,Rp242,"-6,30","-15,00","-12,50","-31,21","21,6K"
Global Mediacom,Saham,Tiggi,Rp202,"-11,61","-26,12","-23,85","-27,74","32,97M"
Globe Kita Terang Tbk PT,Saham,Tiggi,Rp65,"-4,41","-40,37","-43,97","-68,75",500
Golden Eagle Energy,Saham,Tiggi,Rp715,"-8,92","-23,12","-43,03","264,80","17,4K"
Visi Telekomunikasi,Saham,Tiggi,Rp318,"-4,79","-2,80","-3,47","-30,50","363,9K"
Gowa Makassar,Saham,Tiggi,Rp3.800,"-14,90","-85,17","-76,48","-78,83","10,3K"
Gozco Plantations,Saham,Tiggi,Rp102,"12,36","-16,67","19,05","96,08","5,19M"
Graha Layar Prima,Saham,Tiggi,Rp2.000,"-4,76","-5,21","-4,31","-37,50",0
Grand Kartech,Saham,Tiggi,Rp436,"0,00","0,00","0,00","0,00",0
Greenwood Sejahtera,Saham,Tiggi,Rp135,"-3,68","-14,94","-19,14","-35,78","448,6K"
Gudang Garam,Saham,Tiggi,Rp13.300,"-15,38","-35,06","-39,93","-60,33","320,9K"
Gunawan Dianjaya Steel,Saham,Tiggi,Rp112,"-15,20","-19,70","-18,46","2,91","1,88M"
Hanson,Saham,Tiggi,Rp50,"0,00","0,00","0,00","0,00",0
Harum Energy,Saham,Tiggi,Rp1.185,"0,00","0,00","0,00","0,00","5,44M"
Hero Supermarket,Saham,Tiggi,Rp600,"-10,61","-11,61","-16,90","-33,89","59,4K"
Hexindo Adiperkasa,Saham,Tiggi,Rp4.850,"-6,25","-32,20","-44,70","-67,57","291,6K"
Solusi Bangun Indonesia,Saham,Tiggi,Rp745,"-15,79","-10,70","-10,70","5,96","23,6K"
Hotel Mandarine Regency,Saham,Tiggi,Rp50,"0,00","-45,35","-57,64","-56,89",0
Hotel Sahid Jaya,Saham,Tiggi,Rp950,"0,00","0,00","0,00","0,00","9,5K"
Meratus Jasa Prima Tbk PT,Saham,Tiggi,Rp6.050,"-8,54","40,00","-27,49","-24,48","2,96M"
PT MNC Energy Investments Tbk,Saham,Tiggi,Rp44,"110,07","0,00","0,00","0,00","641,6K"
Indah Kiat Pulp & Paper,Saham,Tiggi,Rp7.200,"4,76","-12,00","-12,00","-41,56","1,62M"
Indal Aluminium,Saham,Tiggi,Rp132,"-13,11","-14,41","-17,63","-17,87","93,5K"
Indika Energy,Saham,Tiggi,Rp1.430,"-5,76","-35,78","-35,78","-56,04","4,24M"
Indo Acidatama,Saham,Tiggi,Rp51,"-17,70","-2,79","-7,00","-18,66","304,2K"
Indo Tambangraya,Saham,Tiggi,Rp26.775,"-5,66","-25,37","-24,24","-9,09","1,19M"
Indocement Tunggal,Saham,Tiggi,Rp7.050,"3,19","4,09","4,30","32,34","201,3K"
Indofarma,Saham,Tiggi,Rp126,"-10,42","-26,86","-26,47","-40,86",0
Indofood Cbp,Saham,Tiggi,Rp11.925,"0,00","-78,28","-74,07","-94,66","2,08M"
Indofood,Saham,Tiggi,Rp7.800,"-5,60","11,58","12,38","30,75","5,83M"
Indomobil Multi Jasa,Saham,Tiggi,Rp165,"5,41","20,93","21,40","19,08","1,64M"
Indomobil Sukses,Saham,Tiggi,Rp1.045,"-16,75","-43,21","-47,70","-66,46",550K
Indopoly Swakarsa,Saham,Tiggi,Rp126,"-19,69","-26,88","-29,41","0,49","12,9K"
Indoritel Makmur,Saham,Tiggi,Rp9.100,"0,00","-20,38","-8,76","-30,17","7,6K"
Indosat,Saham,Tiggi,Rp2.450,"0,28","93,62","101,77","178,29","20,78M"
Indospring,Saham,Tiggi,Rp268,"-3,64","-74,61","-73,99","-65,51",974K
Jamu dan Farmasi Sido,Saham,Tiggi,Rp590,"-11,64","-89,64","-90,41","-87,10","6,69M"
Intanwijaya,Saham,Tiggi,Rp585,"-12,12","10,48","16,00","-36,26","4,4K"
Intermedia Capital,Saham,Tiggi,Rp10,"-3,36","6,48","3,60","-10,85",0
Inti Bangun Sejahtera,Saham,Tiggi,Rp5.050,"0,00","-80,00","-80,00","-80,00",100
Intikeramik Alamasri,Saham,Tiggi,Rp11,"1,00","-9,82","-9,82","-39,88","717,7K"
Intiland Development,Saham,Tiggi,Rp172,"-9,09","-80,00","-80,00","-80,00","10,92M"
Intraco Penta,Saham,Tiggi,Rp13,"-19,34","-13,64","-9,52","-2,29","172,4K"
Island Concepts,Saham,Tiggi,Rp37,"-18,75","-74,00","-74,00","-90,37","7,1K"
J Resources,Saham,Tiggi,Rp328,"0,00","-28,00","-28,00","-64,71","234,65M"
Jaya Agra Wattie,Saham,Tiggi,Rp128,"-22,93","259,09","271,76","103,87","2,08M"
Japfa Comfeed Indonesia,Saham,Tiggi,Rp1.740,"-10,16","-36,11","-26,28","-31,55","6,84M"
Jasa Marga,Saham,Tiggi,Rp4.580,"5,92","44,07","43,46","0,00","1,24M"
Jasuindo Tiga Perkasa,Saham,Tiggi,Rp228,"-5,59","-6,37","-2,56","8,57","17,7M"
Jaya Konstruksi,Saham,Tiggi,Rp93,"-22,07","-26,62","-36,16","-18,56","7,8M"
Jaya Real Property,Saham,Tiggi,Rp650,"-8,25","0,00","2,30","-32,58",502K
Jembo Cable Company,Saham,Tiggi,Rp615,"0,00","-7,14","-10,96","32,65",16K
Jakarta Int Hotels & Dev,Saham,Tiggi,Rp1.165,"-1,61","-74,90","-77,24","-89,83","4,64M"
Kawasan Jababeka,Saham,Tiggi,Rp193,"233,33","198,97","191,46","151,08","176,19M"
Kalbe Farma,Saham,Tiggi,Rp1.480,"-2,04","43,28","44,36","11,63","29,23M"
Kedawung Setia,Saham,Tiggi,Rp420,"-11,75","-9,01","-8,72","-8,15","13,4K"
Keramika Indonesia,Saham,Tiggi,Rp24,"-76,60","-75,86","-75,29","-57,36","101,2K"
Kertas Basuki Rachmat,Saham,Tiggi,Rp50,"4,35","60,00","60,00","-52,00",0
Kimia Farma Persero,Saham,Tiggi,Rp640,"0,00","0,00","0,00","0,00","503,9K"
Kmi Wire And Cable,Saham,Tiggi,Rp388,"-15,86","-57,79","-15,28","-74,69","1,55M"
Kobexindo Tractors,Saham,Tiggi,Rp197,"-3,02","14,20","19,88","32,19","1,05M"
Krakatau Steel Persero,Saham,Tiggi,Rp130,"-3,06","21,02","21,79","-39,49","23,82M"
Quantum Clovera Investama Tbk PT,Saham,Tiggi,Rp6,"-26,79","-13,38","-26,79","-76,57","2,31M"
Langgeng Makmur,Saham,Tiggi,Rp105,"-14,29","-88,00","-88,00","-93,55","129,7K"
Lautan Luas,Saham,Tiggi,Rp1.010,"-13,04","-9,91","-15,25","-48,19","152,7K"
Leyand International,Saham,Tiggi,Rp15,"0,50","-22,61","-6,48","41,26",0
Lippo Cikarang,Saham,Tiggi,Rp735,"-23,53","116,67","-13,33","-74,00","112,4K"
Lippo General Insurance,Saham,Tiggi,Rp364,"-16,17","-12,50","-11,95","-49,46","282,5K"
Lippo Karawaci,Saham,Tiggi,Rp113,"1,11","-91,01","-91,91","-84,96","37,17M"
Lenox Pasifik Investama Tbk PT,Saham,Tiggi,Rp72,"-16,03","13,40","26,44","-23,08","7,41M"
Logindo Samudramakmur,Saham,Tiggi,Rp122,"2,94","7,69","-2,78","-41,18","4,72M"
Perusahaan Perkebunan,Saham,Tiggi,Rp1.100,"-5,56","91,94","91,94","83,08","16,05M"
Mahaka Media,Saham,Tiggi,Rp29,"-9,40","19,10","14,59","-22,91","144,7K"
Malindo Feedmill,Saham,Tiggi,Rp795,"-26,32","-46,15","-60,00","-91,65","3,54M"
Mandom Indonesia,Saham,Tiggi,Rp2.290,"-6,67","49,51","50,98","8,45",400
Martina Berto,Saham,Tiggi,Rp96,"-5,46","-17,58","-18,18","-19,28","83,1K"
Matahari,Saham,Tiggi,Rp1.460,"-16,04","-11,00","-22,61","-39,04","1,05M"
Matahari Putra Prima,Saham,Tiggi,Rp84,"-15,22","-29,00","-17,92","-68,37","46,12M"
Mayora Indah,Saham,Tiggi,Rp2.670,"9,46","24,62","39,66","-84,72","5,77M"
Medco Energi,Saham,Tiggi,Rp1.150,"-0,38","6,43","3,92","11,81","32,23M"
Media Nusantara Citra,Saham,Tiggi,Rp304,"-13,64","-1,30","0,00","113,08","14,52M"
Megapolitan Dev,Saham,Tiggi,Rp133,"-8,54","-22,28","-20,21","-69,54","2,38M"
Metrodata Electronics,Saham,Tiggi,Rp640,"0,79","9,40","2,40","-29,28","886,3K"
Metropolitan Land,Saham,Tiggi,Rp414,"0,00","17,76","18,87","-11,02","5,6K"
Midi Utama Indonesia,Saham,Tiggi,Rp424,"-7,59","2,48","7,81","0,00","3,89M"
Millennium Pharma,Saham,Tiggi,Rp183,"-9,09","-2,33","-7,89","103,88","36,82M"
Minna Padi Investama,Saham,Tiggi,Rp10,"11,64","3,16","-4,68","9,40","967,3K"
Mitra Adiperkasa,Saham,Tiggi,Rp1.625,"0,00","25,00","11,11","-80,00","20,74M"
Mitra Int,Saham,Tiggi,Rp8,"-7,78","-10,61","-2,74","93,94","140,6K"
Mitra Investindo,Saham,Tiggi,Rp157,"-11,11","14,29","-11,11","-84,00","73,3K"
Mitra Pinasthika,Saham,Tiggi,Rp995,"-12,36","-17,89","-37,60","-32,17","2,77M"
Mitrabahtera Segara,Saham,Tiggi,Rp1.135,"-4,35","-5,71","-2,46","17,86","1,02M"
Mnc Investama,Saham,Tiggi,Rp39,"-15,29","-10,74","-11,84","27,81","1,28M"
Mnc Kapital Ind,Saham,Tiggi,Rp63,"-7,14","-22,00","-22,00","-32,76","60,15M"
Mnc Land,Saham,Tiggi,Rp161,"-15,49","20,00","17,65","-38,14","74,12M"
Mnc Sky Vision,Saham,Tiggi,Rp74,"-5,42","153,23","137,88","57,00","5,05M"
Modern Internasional,Saham,Tiggi,Rp6,"-22,58","-27,27","-44,62","-78,31","1,63M"
Modernland Realty Ltd,Saham,Tiggi,Rp59,"-25,00","0,00","0,00","-88,00","13,38M"
Mulia Industrindo,Saham,Tiggi,Rp322,"3,77","-11,29","-15,38","7,84","3,35M"
Multi Agro Gemilang Plantation,Saham,Tiggi,Rp50,"-6,43","-26,94","-22,71","-27,27",0
Multi Bintang Ind,Saham,Tiggi,Rp6.600,"0,00","0,00","0,00","0,00","51,4K"
Multi Indocitra,Saham,Tiggi,Rp515,"9,21","-15,81","-16,35","-22,32","8,6K"
Multi Prima Sejahtera,Saham,Tiggi,Rp400,"-0,98","-14,41","-2,88","30,83","125,2K"
Multipolar,Saham,Tiggi,Rp144,"3,65","9,94","9,94","-65,39","140,52M"
Multipolar Technology,Saham,Tiggi,Rp28.200,"-12,74","87,67","87,67","-62,36","271,3K"
Multistrada Arah Sarana,Saham,Tiggi,Rp6.200,"74,10","0,00","0,00","591,43",0
Mustika Ratu,Saham,Tiggi,Rp324,"0,00","62,73","78,67","24,00","40,4K"
Nippon,Saham,Tiggi,Rp980,"-18,88","-14,05","-53,58","2,58","186,7K"